{
  "dataset": "TCGA-LUAD",
  "samples": 515,
  "features": 10,
  "algorithm": "Random Forest",
  "accuracy": 0.5658914728682171,
  "precision": 0.5645161290322581,
  "recall": 0.546875,
  "f1": 0.5555555555555556,
  "auc": 0.5983173076923076,
  "confusion_matrix": [
    [
      38,
      27
    ],
    [
      29,
      35
    ]
  ],
  "test_size": 129,
  "train_size": 386,
  "genes": [
    "SLC34A2",
    "MUC16",
    "ANLN",
    "CDC20",
    "KIF20A",
    "TOP2A",
    "MKI67",
    "BIRC5",
    "TYMS",
    "CCNA2"
  ],
  "poster_shap_values": {
    "SLC34A2": 1.248,
    "MUC16": 1.102,
    "ANLN": 0.997,
    "CDC20": 0.921,
    "KIF20A": 0.864,
    "TOP2A": 0.847,
    "MKI67": 0.812,
    "BIRC5": 0.761,
    "TYMS": 0.703,
    "CCNA2": 0.689
  },
  "model_feature_importance": {
    "SLC34A2": 0.10896539190550444,
    "MUC16": 0.10130148677853544,
    "ANLN": 0.11173552512833251,
    "CDC20": 0.0998822637352784,
    "KIF20A": 0.08510802193661585,
    "TOP2A": 0.10979575090958282,
    "MKI67": 0.08918066255351483,
    "BIRC5": 0.09090204413729995,
    "TYMS": 0.10351037258766797,
    "CCNA2": 0.0996184803276677
  }
}